district_id,district_name_en,block_code,block_id,block_name_en,block_name_local,language_id,lgd_code,rural_urban_area,state_id
31311,AGRA,3120007,313106,ETMADPUR,ETMADPUR,en,808,R,29
31311,AGRA,3120001,313108,FATEHPUR SIKRI,FATEHPUR SIKRI,en,810,R,29
31311,AGRA,3120006,313111,KHANDAULI,KHANDAULI,en,813,R,29
31311,AGRA,3120008,313109,JAGNER,JAGNER,en,811,R,29
31311,AGRA,3120013,313113,PINAHAT,PINAHAT,en,815,R,29
31311,AGRA,3120015,313110,JAITPUR KALAN,JAITPUR KALAN,en,812,R,29
31311,AGRA,3120009,313112,KHERAGARH,KHERAGARH,en,814,R,29
31311,AGRA,3120012,313107,FATEHABAD,FATEHABAD,en,809,R,29
31311,AGRA,3120014,313103,BAH,BAH,en,805,R,29
31311,AGRA,3120005,313104,BARAULI AHIR,BARAULI AHIR,en,806,R,29
31311,AGRA,3120011,313115,SHAMSABAD,SHAMSABAD,en,817,R,29
31311,AGRA,3120010,313114,SAIYAN,SAIYAN,en,816,R,29
31311,AGRA,3120004,313105,BICHPURI,BICHPURI,en,807,R,29
31311,AGRA,3120002,313101,ACHHNERA,ACHHNERA,en,803,R,29
31311,AGRA,3120003,313102,AKOLA,AKOLA,en,804,R,29
31039,JHANSI,3139002,310442,CHIRGAON,CHIRGAON,en,1248,R,29
31039,JHANSI,3139005,310441,BANGRA,BANGRA,en,1247,R,29
31039,JHANSI,3139007,310438,BABINA,BABINA,en,1244,R,29
31039,JHANSI,3139008,310439,BADAGAON,BADAGAON,en,1245,R,29
31039,JHANSI,3139003,310440,BAMAUR,BAMAUR,en,1246,R,29
31039,JHANSI,3139004,310443,GURSARAI,GURSARAI,en,1249,R,29
31039,JHANSI,3139001,310445,MOTH,MOTH,en,1251,R,29
31039,JHANSI,3139006,310444,MAURANIPUR,MAURANIPUR,en,1250,R,29
31346,KANNAUJ,3168001,313506,JALALABAD,JALALABAD,en,1261,R,29
31346,KANNAUJ,3168002,313510,UMARDA,UMARDA,en,1265,R,29
31346,KANNAUJ,3168003,313508,SAURIKH,SAURIKH,en,1263,R,29
31346,KANNAUJ,3168006,313509,TALGRAM,TALGRAM,en,1264,R,29
31346,KANNAUJ,3168007,313505,HASERAN,HASERAN,en,1260,R,29
31346,KANNAUJ,3168004,313507,KANNAUJ,KANNAUJ,en,1262,R,29
31346,KANNAUJ,3168005,313503,CHHIBRAMAU,CHHIBRAMAU,en,1258,R,29
31346,KANNAUJ,3168008,313504,GUGURAPUR,GUGURAPUR,en,1259,R,29
31347,KANPUR DEHAT,3136011,313520,SARBANKHERA,SARBANKHERA,en,1275,R,29
31347,KANPUR DEHAT,3136012,313517,RAJPUR,RAJPUR,en,1272,R,29
31347,KANPUR DEHAT,3136013,313516,MALASA,MALASA,en,1271,R,29
31347,KANPUR DEHAT,3136014,313512,AMRODHA,AMRODHA,en,1267,R,29
31347,KANPUR DEHAT,3136006,313514,JHINJHAK,JHINJHAK,en,1269,R,29
31347,KANPUR DEHAT,3136007,313515,MAITHA,MAITHA,en,1270,R,29
31347,KANPUR DEHAT,3136008,313519,SANDALPUR,SANDALPUR,en,1274,R,29
31347,KANPUR DEHAT,3136005,313518,RASULABAD,RASULABAD,en,1273,R,29
31347,KANPUR DEHAT,3136009,313513,DERAPUR,DERAPUR,en,1268,R,29
31347,KANPUR DEHAT,3136010,313511,AKBARPUR,AKBARPUR,en,1266,R,29
31348,KANPUR NAGAR,3137001,313526,KALYANPUR,KALYANPUR,en,1281,R,29
31348,KANPUR NAGAR,3137003,313528,SARSOL,SARSOL,en,1283,R,29
31348,KANPUR NAGAR,3137005,313525,KAKWAN,KAKWAN,en,1280,R,29
31348,KANPUR NAGAR,3137006,313529,SHIVRAJPUR,SHIVRAJPUR,en,1284,R,29
31348,KANPUR NAGAR,3137007,313523,CHAUBEYPUR,CHAUBEYPUR,en,1278,R,29
31348,KANPUR NAGAR,3137008,313527,PATARA,PATARA,en,1282,R,29
31348,KANPUR NAGAR,3137009,313521,BHITARGAON,BHITARGAON,en,1276,R,29
31348,KANPUR NAGAR,3137004,313522,BILHAUR,BILHAUR,en,1277,R,29
31348,KANPUR NAGAR,3137011,313530,VIDHUNU,VIDHUNU,en,1285,R,29
31348,KANPUR NAGAR,3137010,313524,GHATAMPUR,GHATAMPUR,en,1279,R,29
31349,KASGANJ,3180001,313537,SORON,SORON,en,1077,R,29
31349,KASGANJ,3180005,313532,GANJ DUNDWARA,GANJ DUNDWARA,en,1066,R,29
31349,KASGANJ,3180002,313533,KASGANJ,KASGANJ,en,1069,R,29
31349,KASGANJ,3180003,313531,AMANPUR,AMANPUR,en,1064,R,29
31349,KASGANJ,3180004,313535,SAHAWAR,SAHAWAR,en,1073,R,29
31349,KASGANJ,3180006,313534,PATIYALI,PATIYALI,en,1072,R,29
31349,KASGANJ,3180007,313536,SIDHPURA,SIDHPURA,en,1076,R,29
31350,KAUSHAMBI,3170002,313543,NEVADA,NEVADA,en,1291,R,29
31350,KAUSHAMBI,3170003,313542,MOORATGANJ,MOORATGANJ,en,1290,R,29
31350,KAUSHAMBI,3170004,313540,KAUSHAMBI,KAUSHAMBI,en,1288,R,29
31350,KAUSHAMBI,3170008,313545,SIRATHU,SIRATHU,en,1293,R,29
31350,KAUSHAMBI,3170001,313538,CHAIL,CHAIL,en,1286,R,29
31350,KAUSHAMBI,3170005,313541,MANJHANPUR,MANJHANPUR,en,1289,R,29
31350,KAUSHAMBI,3170006,313544,SARSAWAN,SARSAWAN,en,1292,R,29
31350,KAUSHAMBI,3170007,313539,KARA,KARA,en,1287,R,29
31351,KHERI,3128014,313549,DHAUREHRA,DHAUREHRA,en,1297,R,29
31351,KHERI,3128004,313551,KUMBHIGOLA,KUMBHIGOLA,en,1299,R,29
31351,KHERI,3128006,313546,BANKEYGANJ,BANKEYGANJ,en,1294,R,29
31351,KHERI,3128009,313558,PASGAWAN,PASGAWAN,en,1306,R,29
31351,KHERI,3128010,313547,BEHJAM,BEHJAM,en,1295,R,29
31351,KHERI,3128012,313559,PHOOLBEHAR,PHOOLBEHAR,en,1307,R,29
31351,KHERI,3128013,313555,NAKAHA,NAKAHA,en,1303,R,29
31351,KHERI,3128003,313560,RAMIA BEHAR,RAMIA BEHAR,en,1308,R,29
31351,KHERI,3128001,313557,PALIA,PALIA,en,1305,R,29
31351,KHERI,3128008,313553,MITAULI,MITAULI,en,1301,R,29
31351,KHERI,3128005,313548,BIJUA,BIJUA,en,1296,R,29
31351,KHERI,3128007,313554,MOHAMMADI,MOHAMMADI,en,1302,R,29
31351,KHERI,3128015,313550,ISANAGAR,ISANAGAR,en,1298,R,29
31351,KHERI,3128011,313552,LAKHIMPUR,LAKHIMPUR,en,1300,R,29
31351,KHERI,3128002,313556,NIGHASAN,NIGHASAN,en,1304,R,29
31352,KUSHI NAGAR,3172001,313569,PADRAUNA,PADRAUNA,en,1317,R,29
31352,KUSHI NAGAR,3172002,313566,KHADDA,KHADDA,en,1314,R,29
31352,KUSHI NAGAR,3172003,313574,VISHUNPURA,VISHUNPURA,en,1322,R,29
31352,KUSHI NAGAR,3172004,313568,NEBUA NAURANGIA,NEBUA NAURANGIA,en,1316,R,29
31352,KUSHI NAGAR,3172005,313563,HATA,HATA,en,1311,R,29
31352,KUSHI NAGAR,3172006,313567,MOTICHAK,MOTICHAK,en,1315,R,29
31352,KUSHI NAGAR,3172008,313564,KAPTAINGANJ,KAPTAINGANJ,en,1312,R,29
31352,KUSHI NAGAR,3172009,313570,RAMKOLA,RAMKOLA,en,1318,R,29
31352,KUSHI NAGAR,3172010,313571,SEORAHI,SEORAHI,en,1319,R,29
31352,KUSHI NAGAR,3172011,313565,KASAYA,KASAYA,en,1313,R,29
31352,KUSHI NAGAR,3172012,313573,TAMKUHIRAJ,TAMKUHIRAJ,en,1321,R,29
31352,KUSHI NAGAR,3172013,313562,FAZILNAGAR,FAZILNAGAR,en,1310,R,29
31352,KUSHI NAGAR,3172014,313561,DUDHAHI,DUDHAHI,en,1309,R,29
31352,KUSHI NAGAR,3172007,313572,SUKRAULI,SUKRAULI,en,1320,R,29
31353,LALITPUR,3140002,313577,JAKHAURA,JAKHAURA,en,1325,R,29
31353,LALITPUR,3140003,313575,BAR,BAR,en,1323,R,29
31353,LALITPUR,3140004,313576,BIRDHA,BIRDHA,en,1324,R,29
31353,LALITPUR,3140005,313579,MEHRAUNI,MEHRAUNI,en,1327,R,29
31353,LALITPUR,3140006,313578,MADAWARA,MADAWARA,en,1326,R,29
31353,LALITPUR,3140001,313580,TALBEHAT,TALBEHAT,en,1328,R,29
31354,LUCKNOW,3132007,313583,GOSAIGANJ,GOSAIGANJ,en,1331,R,29
31354,LUCKNOW,3132004,313584,KAKORI,KAKORI,en,1332,R,29
31354,LUCKNOW,3132005,313582,CHINHAT,CHINHAT,en,1330,R,29
31354,LUCKNOW,3132001,313585,MALIHABAD,MALIHABAD,en,1334,R,29
31354,LUCKNOW,3132003,313581,BAKSHI-KA-TALAB,BAKSHI-KA-TALAB,en,1329,R,29
31354,LUCKNOW,3132008,313587,MOHANLALGANJ,MOHANLALGANJ,en,1335,R,29
31354,LUCKNOW,3132002,313586,MALL,MALL,en,1333,R,29
31354,LUCKNOW,3132006,313588,SAROJNINAGAR,SAROJNINAGAR,en,1336,R,29
31355,MAHARAJGANJ,3152013,313599,PHARENDA,PHARENDA,en,1354,R,29
31355,MAHARAJGANJ,3152008,313591,GHUGHULI,GHUGHULI,en,1346,R,29
31355,MAHARAJGANJ,3152001,313595,NAUTANWA,NAUTANWA,en,1350,R,29
31355,MAHARAJGANJ,3152002,313592,LAKSHMIPUR,LAKSHMIPUR,en,1347,R,29
31355,MAHARAJGANJ,3152004,313594,MITHAURA,MITHAURA,en,1349,R,29
31355,MAHARAJGANJ,3152003,313596,NICHLAUL,NICHLAUL,en,1351,R,29
31355,MAHARAJGANJ,3152005,313600,SISWA,SISWA,en,1355,R,29
31355,MAHARAJGANJ,3152011,313590,DHANI,DHANI,en,1345,R,29
31355,MAHARAJGANJ,3152009,313597,PANIYARA,PANIYARA,en,1352,R,29
31355,MAHARAJGANJ,3152006,313589,BRIDGEMANGANJ,BRIDGEMANGANJ,en,1344,R,29
31355,MAHARAJGANJ,3152010,313598,PARTAWAL,PARTAWAL,en,1353,R,29
31355,MAHARAJGANJ,3152007,313593,MAHRAJGANJ,MAHRAJGANJ,en,1348,R,29
31356,MAHOBA,3179003,313601,CHARKHARI,CHARKHARI,en,1356,R,29
31356,MAHOBA,3179001,313604,PANWARI,PANWARI,en,1359,R,29
31356,MAHOBA,3179002,313602,JAITPUR,JAITPUR,en,1357,R,29
31356,MAHOBA,3179004,313603,KABRAI,KABRAI,en,1358,R,29
31357,MAINPURI,3123001,313607,GHIROR,GHIROR,en,1362,R,29
31357,MAINPURI,3123002,313611,KURAOLI,KURAOLI,en,1366,R,29
31357,MAINPURI,3123004,313605,BARNAHAL,BARNAHAL,en,1360,R,29
31357,MAINPURI,3123006,313613,SULTANGANJ,SULTANGANJ,en,1368,R,29
31357,MAINPURI,3123003,313612,MAINPURI,MAINPURI,en,1367,R,29
31357,MAINPURI,3123005,313609,KARHAL,KARHAL,en,1364,R,29
31357,MAINPURI,3123007,313606,BEWAR,BEWAR,en,1361,R,29
31357,MAINPURI,3123009,313610,KISHNI,KISHNI,en,1365,R,29
31357,MAINPURI,3123008,313608,JAGIR,JAGIR,en,1363,R,29
31358,MATHURA,3119001,313621,NANDGAON,NANDGAON,en,1376,R,29
31358,MATHURA,3119003,313615,CHAUMUHA,CHAUMUHA,en,1370,R,29
31358,MATHURA,3119004,313618,GOVARDHAN,GOVARDHAN,en,1373,R,29
31358,MATHURA,3119006,313617,FARAH,FARAH,en,1372,R,29
31358,MATHURA,3119007,313622,NOHJHIL,NOHJHIL,en,1377,R,29
31358,MATHURA,3119009,313623,RAYA,RAYA,en,1378,R,29
31358,MATHURA,3119010,313614,BALDEO,BALDEO,en,1369,R,29
31358,MATHURA,3119002,313616,CHHATA,CHHATA,en,1371,R,29
31358,MATHURA,3119005,313620,MATHURA,MATHURA,en,1375,R,29
31358,MATHURA,3119008,313619,MAT,MAT,en,1374,R,29
31359,MAU,3156001,313625,DOHRI GHAT,DOHRI GHAT,en,1380,R,29
31359,MAU,3156002,313626,FATEHPUR MADAUN,FATEHPUR MADAUN,en,1381,R,29
31359,MAU,3156003,313627,GHOSI,GHOSI,en,1382,R,29
31359,MAU,3156004,313624,BADRAON,BADRAON,en,1379,R,29
31359,MAU,3156005,313628,KOPAGANJ,KOPAGANJ,en,1383,R,29
31359,MAU,3156006,313630,PARDAHA,PARDAHA,en,1385,R,29
31359,MAU,3156007,313632,RATANPURA,RATANPURA,en,1387,R,29
31359,MAU,3156008,313629,MOHAMMADABAD GOHANA,MOHAMMADABAD GOHANA,en,1384,R,29
31359,MAU,3156009,313631,RANIPUR,RANIPUR,en,1386,R,29
31360,MEERUT,3115010,313638,MAWANA KALAN,MAWANA KALAN,en,1393,R,29
31360,MEERUT,3115011,313634,HASTINAPUR,HASTINAPUR,en,1389,R,29
31360,MEERUT,3115012,313640,PARIKSHITGARH,PARIKSHITGARH,en,1395,R,29
31360,MEERUT,3115013,313637,MACHRA,MACHRA,en,1392,R,29
31360,MEERUT,3115014,313642,ROHTA,ROHTA,en,1397,R,29
31360,MEERUT,3115015,313635,JANIKHURD,JANIKHURD,en,1390,R,29
31360,MEERUT,3115018,313636,KHARKHODA,KHARKHODA,en,1391,R,29
31360,MEERUT,3115016,313639,MEERUT,MEERUT,en,1394,R,29
31360,MEERUT,3115007,313644,SARURPUR KHURD,SARURPUR KHURD,en,1399,R,29
31360,MEERUT,3115008,313643,SARDHANA,SARDHANA,en,1398,R,29
31360,MEERUT,3115009,313633,DAURALA,DAURALA,en,1388,R,29
31360,MEERUT,3115017,313641,RAJPURA,RAJPURA,en,1396,R,29
31362,MORADABAD,3110013,313657,BHAGATPUR TANDA,BHAGATPUR TANDA,en,1415,R,29
31362,MORADABAD,3110015,313663,MUNDA PANDEY,MUNDA PANDEY,en,1421,R,29
31362,MORADABAD,3110002,313660,DILARI,DILARI,en,1418,R,29
31362,MORADABAD,3110004,313659,CHHAJLET,CHHAJLET,en,1417,R,29
31362,MORADABAD,3110001,313664,THAKURDWARA,THAKURDWARA,en,1424,R,29
31362,MORADABAD,3110018,313658,BILARI,BILARI,en,1416,R,29
31362,MORADABAD,3110016,313661,DINGARPUR,DINGARPUR,en,1419,R,29
31362,MORADABAD,3110014,313662,MORADABAD,MORADABAD,en,1420,R,29
31363,MUZAFFARNAGAR,3114005,313667,CHARTHAWAL,CHARTHAWAL,en,1427,R,29
31363,MUZAFFARNAGAR,3114006,313672,PURKAJI,PURKAJI,en,1434,R,29
31363,MUZAFFARNAGAR,3114007,313671,MUZAFFARNAGAR,MUZAFFARNAGAR,en,1433,R,29
31363,MUZAFFARNAGAR,3114008,313665,BAGHARA,BAGHARA,en,1425,R,29
31363,MUZAFFARNAGAR,3114010,313666,BUDHANA,BUDHANA,en,1426,R,29
31363,MUZAFFARNAGAR,3114011,313673,SHAHPUR,SHAHPUR,en,1435,R,29
31363,MUZAFFARNAGAR,3114013,313668,JANSATH,JANSATH,en,1428,R,29
31363,MUZAFFARNAGAR,3114012,313670,MORNA,MORNA,en,1432,R,29
31363,MUZAFFARNAGAR,3114014,313669,KHATAULI,KHATAULI,en,1431,R,29
31364,PILIBHIT,3126001,313674,AMARIYA,AMARIYA,en,1439,R,29
31364,PILIBHIT,3126003,313678,LALAURIKHERA,LALAURIKHERA,en,1443,R,29
31364,PILIBHIT,3126004,313675,BARKHERA,BARKHERA,en,1440,R,29
31364,PILIBHIT,3126005,313676,BILSANDA,BILSANDA,en,1441,R,29
31364,PILIBHIT,3126006,313677,BISALPUR,BISALPUR,en,1442,R,29
31364,PILIBHIT,3126007,313680,PURANPUR,PURANPUR,en,1445,R,29
31364,PILIBHIT,3126002,313679,MARORI,MARORI,en,1444,R,29
31365,PRATAPGARH,3144008,313695,SANDWA CHANDRIKA,SANDWA CHANDRIKA,en,1460,R,29
31365,PRATAPGARH,3144010,313691,MANDHATA,MANDHATA,en,1456,R,29
31365,PRATAPGARH,3144011,313690,MAGRAURA,MAGRAURA,en,1455,R,29
31365,PRATAPGARH,3144013,313681,ASPUR DEOSARA,ASPUR DEOSARA,en,1446,R,29
31365,PRATAPGARH,3144014,313697,SHIVGARH,SHIVGARH,en,1462,R,29
31365,PRATAPGARH,3144015,313685,GAURA,GAURA,en,1450,R,29
31365,PRATAPGARH,3144017,313682,BABA BELKHARNATH DHAM,BABA BELKHARNATH DHAM,en,1447,R,29
31365,PRATAPGARH,3144018,313693,PRATAPGARH-SADAR,PRATAPGARH-SADAR,en,1458,R,29
31365,PRATAPGARH,3144007,313688,LAKSHAMANPUR,LAKSHAMANPUR,en,1453,R,29
31365,PRATAPGARH,3144003,313687,KUNDA,KUNDA,en,1452,R,29
31365,PRATAPGARH,3144012,313692,PATTI,PATTI,en,1457,R,29
31365,PRATAPGARH,3144016,313689,LALGANJ,LALGANJ,en,1454,R,29
31365,PRATAPGARH,3144001,313686,KALAKANKAR,KALAKANKAR,en,1451,R,29
31365,PRATAPGARH,3144002,313683,BABAGANJ,BABAGANJ,en,1448,R,29
31365,PRATAPGARH,3144004,313684,BIHAR,BIHAR,en,1449,R,29
31365,PRATAPGARH,3144005,313696,SANGIPUR,SANGIPUR,en,1461,R,29
31365,PRATAPGARH,3144006,313694,RAMPUR SANRAMGARH,RAMPUR SANRAMGARH,en,1459,R,29
31367,RAE BARELI,3133002,313737,SHIVGARH,SHIVGARH,en,1480,R,29
31367,RAE BARELI,3133007,313727,HARCHANDPUR,HARCHANDPUR,en,1470,R,29
31367,RAE BARELI,3133008,313721,AMAWAN,AMAWAN,en,1463,R,29
31367,RAE BARELI,3133009,313736,SATAON,SATAON,en,1479,R,29
31367,RAE BARELI,3133010,313732,RAHI,RAHI,en,1475,R,29
31367,RAE BARELI,3133011,313729,KHIRON,KHIRON,en,1472,R,29
31367,RAE BARELI,3133012,313735,SARENI,SARENI,en,1478,R,29
31367,RAE BARELI,3133015,313728,JAGATPUR,JAGATPUR,en,1471,R,29
31367,RAE BARELI,3133020,313733,ROHANIA,ROHANIA,en,1476,R,29
31367,RAE BARELI,3133001,313722,BACHHRAWAN,BACHHRAWAN,en,1464,R,29
31367,RAE BARELI,3133021,313726,DEENSHAH GAURA,DEENSHAH GAURA,en,1468,R,29
31367,RAE BARELI,3133003,313731,MAHRAJGANJ,MAHRAJGANJ,en,1474,R,29
31367,RAE BARELI,3133013,313730,LALGANJ,LALGANJ,en,1473,R,29
31367,RAE BARELI,3133014,313724,DALMAU,DALMAU,en,1467,R,29
31367,RAE BARELI,3133019,313738,UNCHAHAR,UNCHAHAR,en,1483,R,29
31367,RAE BARELI,3133022,313734,SALON,SALON,en,1477,R,29
31367,RAE BARELI,3133024,313723,CHHATOH,CHHATOH,en,1466,R,29
31367,RAE BARELI,3133023,313725,DEEH,DEEH,en,1469,R,29
31373,SHAHJAHANPUR,3127018,313785,KANTH,KANTH,en,1522,R,29
31373,SHAHJAHANPUR,3127019,313787,KHUTAR,KHUTAR,en,1524,R,29
31373,SHAHJAHANPUR,3127020,313784,KALAN,KALAN,en,1521,R,29
31373,SHAHJAHANPUR,3127023,313783,JALALABAD,JALALABAD,en,1520,R,29
31373,SHAHJAHANPUR,3127025,313793,TILHAR,TILHAR,en,1530,R,29
31373,SHAHJAHANPUR,3127029,313788,MADNAPUR,MADNAPUR,en,1525,R,29
31373,SHAHJAHANPUR,3127026,313791,POWAYAN,POWAYAN,en,1528,R,29
31373,SHAHJAHANPUR,3127022,313782,JAITPUR,JAITPUR,en,1519,R,29
31373,SHAHJAHANPUR,3127015,313779,BANDA,BANDA,en,1516,R,29
31373,SHAHJAHANPUR,3127016,313780,BHAWAL KHERA,BHAWAL KHERA,en,1517,R,29
31373,SHAHJAHANPUR,3127017,313781,DADROL,DADROL,en,1518,R,29
31373,SHAHJAHANPUR,3127021,313786,KHUDAGANJ KATRA,KHUDAGANJ KATRA,en,1523,R,29
31373,SHAHJAHANPUR,3127024,313789,MIRZAPUR,MIRZAPUR,en,1526,R,29
31373,SHAHJAHANPUR,3127027,313790,NIGOHI,NIGOHI,en,1527,R,29
31373,SHAHJAHANPUR,3127028,313792,SINDHAULI,SINDHAULI,en,1529,R,29
31375,SHRAVASTI,3176002,313799,EKONA,EKONA,en,1531,R,29
31375,SHRAVASTI,3176001,313802,JAMUNAHA,JAMUNAHA,en,1534,R,29
31375,SHRAVASTI,3176003,313800,GILAULA,GILAULA,en,1532,R,29
31375,SHRAVASTI,3176004,313803,SIRSIYA,SIRSIYA,en,1535,R,29
31375,SHRAVASTI,3176005,313801,HARIHARPUR RANI,HARIHARPUR RANI,en,1533,R,29
31376,SIDDHARTH NAGAR,3151001,313812,KHUNIYAON,KHUNIYAON,en,1544,R,29
31376,SIDDHARTH NAGAR,3151002,313809,ITWA,ITWA,en,1541,R,29
31376,SIDDHARTH NAGAR,3151005,313816,SHOHARATGARH,SHOHARATGARH,en,1548,R,29
31376,SIDDHARTH NAGAR,3151006,313807,BIRDPUR,BIRDPUR,en,1539,R,29
31376,SIDDHARTH NAGAR,3151007,313815,NAUGARH,NAUGARH,en,1547,R,29
31376,SIDDHARTH NAGAR,3151008,313810,JOGIA,JOGIA,en,1542,R,29
31376,SIDDHARTH NAGAR,3151009,313817,USKA BAZAR,USKA BAZAR,en,1549,R,29
31376,SIDDHARTH NAGAR,3151010,313808,DOMARIYAGANJ,DOMARIYAGANJ,en,1540,R,29
31376,SIDDHARTH NAGAR,3151011,313804,BANSI,BANSI,en,1536,R,29
31376,SIDDHARTH NAGAR,3151012,313814,MITHWAL,MITHWAL,en,1546,R,29
31376,SIDDHARTH NAGAR,3151013,313811,KHESRAHA,KHESRAHA,en,1543,R,29
31376,SIDDHARTH NAGAR,3151014,313813,LOTAN,LOTAN,en,1545,R,29
31376,SIDDHARTH NAGAR,3151003,313806,BHANWAPUR,BHANWAPUR,en,1538,R,29
31376,SIDDHARTH NAGAR,3151004,313805,BARHNI,BARHNI,en,1537,R,29
31377,SITAPUR,3129018,313827,MAHMUDABAD,MAHMUDABAD,en,1559,R,29
31377,SITAPUR,3129002,313828,MAHOLI,MAHOLI,en,1560,R,29
31377,SITAPUR,3129004,313826,MACHHREHTA,MACHHREHTA,en,1558,R,29
31377,SITAPUR,3129012,313834,REUSA,REUSA,en,1566,R,29
31377,SITAPUR,3129013,313835,SAKRAN,SAKRAN,en,1567,R,29
31377,SITAPUR,3129019,313833,RAMPUR MATHURA,RAMPUR MATHURA,en,1565,R,29
31377,SITAPUR,3129016,313836,SIDHAULI,SIDHAULI,en,1568,R,29
31377,SITAPUR,3129001,313832,PISAWAN,PISAWAN,en,1564,R,29
31377,SITAPUR,3129005,313821,GONDLAMAU,GONDLAMAU,en,1553,R,29
31377,SITAPUR,3129006,313818,AILIYA,AILIYA,en,1550,R,29
31377,SITAPUR,3129007,313822,HARGAON,HARGAON,en,1554,R,29
31377,SITAPUR,3129008,313831,PARSENDI,PARSENDI,en,1563,R,29
31377,SITAPUR,3129009,313824,KHAIRABAD,KHAIRABAD,en,1556,R,29
31377,SITAPUR,3129011,313819,BEHTA,BEHTA,en,1551,R,29
31377,SITAPUR,3129015,313823,KASMANDA,KASMANDA,en,1555,R,29
31377,SITAPUR,3129017,313830,PAHALA,PAHALA,en,1562,R,29
31377,SITAPUR,3129003,313829,MISRIKH,MISRIKH,en,1561,R,29
31377,SITAPUR,3129010,313825,LAHARPUR,LAHARPUR,en,1557,R,29
31377,SITAPUR,3129014,313820,BISWAN,BISWAN,en,1552,R,29
31378,SONBHADRA,3163001,313841,GHORAWAL,GHORAWAL,en,1573,R,29
31378,SONBHADRA,3163002,313846,ROBERTSGANJ,ROBERTSGANJ,en,1576,R,29
31378,SONBHADRA,3163005,313839,CHOPAN,CHOPAN,en,1571,R,29
31378,SONBHADRA,3163006,313844,MYORPUR,MYORPUR,en,1574,R,29
31378,SONBHADRA,3163008,313837,BABHANI,BABHANI,en,1569,R,29
31378,SONBHADRA,3163009,313842,KARMA,KARMA,en,7381,R,29
31378,SONBHADRA,3163010,313843,KONE,KONE,en,7380,R,29
31378,SONBHADRA,3163003,313838,CHATARA,CHATARA,en,1570,R,29
31378,SONBHADRA,3163004,313845,NAGAWA,NAGAWA,en,1575,R,29
31378,SONBHADRA,3163007,313840,DUDDHI,DUDDHI,en,1572,R,29
31381,VARANASI,3161026,313880,CHOLAPUR,CHOLAPUR,en,1619,R,29
31381,VARANASI,3161027,313879,CHIRAIGAON,CHIRAIGAON,en,1618,R,29
31381,VARANASI,3161028,313881,HARAHUA,HARAHUA,en,1620,R,29
31381,VARANASI,3161029,313884,SEVAPURI,SEVAPURI,en,1623,R,29
31381,VARANASI,3161030,313877,ARAJILINE,ARAJILINE,en,1616,R,29
31381,VARANASI,3161031,313882,KASHI VIDYAPEETH,KASHI VIDYAPEETH,en,1621,R,29
31381,VARANASI,3161024,313878,BARAGAON,BARAGAON,en,1617,R,29
31381,VARANASI,3161025,313883,PINDRA,PINDRA,en,1622,R,29
31379,SULTANPUR,3150012,313850,DHANPATGANJ,DHANPATGANJ,en,1583,R,29
31379,SULTANPUR,3150015,313857,KURWAR,KURWAR,en,1592,R,29
31379,SULTANPUR,3150018,313851,DOSTPUR,DOSTPUR,en,1584,R,29
31379,SULTANPUR,3150019,313847,AKHAND NAGAR,AKHAND NAGAR,en,1577,R,29
31379,SULTANPUR,3150024,313848,BALDIRAI,BALDIRAI,en,1579,R,29
31379,SULTANPUR,3150026,313852,DUBEPUR,DUBEPUR,en,1585,R,29
31379,SULTANPUR,3150027,313849,BHADAIYA,BHADAIYA,en,1580,R,29
31379,SULTANPUR,3150028,313860,P.P.KAMAICHA,P.P.KAMAICHA,en,1596,R,29
31379,SULTANPUR,3150013,313856,KUREBHAR,KUREBHAR,en,1591,R,29
31379,SULTANPUR,3150020,313858,LAMBHUA,LAMBHUA,en,1593,R,29
31379,SULTANPUR,3150022,313854,KADIPUR,KADIPUR,en,1590,R,29
31379,SULTANPUR,3150025,313853,JAISINGHPUR,JAISINGHPUR,en,1588,R,29
31379,SULTANPUR,3150030,313855,KARAUNDIKALA,KARAUNDIKALA,en,6714,R,29
31379,SULTANPUR,3150029,313859,MOTIGARPUR,MOTIGARPUR,en,1594,R,29
31366,PRAYAGRAJ,3145013,313699,BAHRIA,BAHRIA,en,831,R,29
31366,PRAYAGRAJ,3145015,313698,BAHADURPUR,BAHADURPUR,en,830,R,29
31366,PRAYAGRAJ,3145022,313701,CHAKA,CHAKA,en,832,R,29
31366,PRAYAGRAJ,3145018,313702,DHANUPUR,DHANUPUR,en,833,R,29
31366,PRAYAGRAJ,3145019,313703,HANDIA,HANDIA,en,834,R,29
31366,PRAYAGRAJ,3145010,313704,HOLAGARH,HOLAGARH,en,835,R,29
31366,PRAYAGRAJ,3145020,313705,JASRA,JASRA,en,836,R,29
31366,PRAYAGRAJ,3145024,313707,KAUDHIYARA,KAUDHIYARA,en,838,R,29
31366,PRAYAGRAJ,3145009,313708,KAURIHAR,KAURIHAR,en,839,R,29
31366,PRAYAGRAJ,3145028,313710,MANDA,MANDA,en,841,R,29
31366,PRAYAGRAJ,3145026,313712,MEJA,MEJA,en,843,R,29
31366,PRAYAGRAJ,3145016,313714,PRATAPPUR,PRATAPPUR,en,845,R,29
31366,PRAYAGRAJ,3145023,313706,KARCHHANA,KARCHHANA,en,837,R,29
31366,PRAYAGRAJ,3145017,313716,SAIDABAD,SAIDABAD,en,846,R,29
31366,PRAYAGRAJ,3145012,313718,SORAON,SORAON,en,848,R,29
31366,PRAYAGRAJ,3145027,313709,KORAON,KORAON,en,840,R,29
31366,PRAYAGRAJ,3145014,313713,PHULPUR,PHULPUR,en,844,R,29
31366,PRAYAGRAJ,3145021,313717,SHANKARGARH,SHANKARGARH,en,847,R,29
31366,PRAYAGRAJ,3145025,313720,URUWAN,URUWAN,en,849,R,29
31366,PRAYAGRAJ,3145030,313719,SRINGVERPUR DHAM,SRINGVERPUR DHAM,en,7361,R,29
31366,PRAYAGRAJ,3145011,313711,MAUAIMA,MAUAIMA,en,842,R,29
31366,PRAYAGRAJ,3145029,313715,SAHSON,SAHSON,en,7360,R,29
31366,PRAYAGRAJ,3145031,313700,BHAGWATPUR,BHAGWATPUR,en,7359,R,29
31313,AMBEDKAR NAGAR,3178002,313134,KATEHARI,KATEHARI,en,856,R,29
31313,AMBEDKAR NAGAR,3178003,313128,AKBARPUR,AKBARPUR,en,850,R,29
31313,AMBEDKAR NAGAR,3178004,313136,TANDA,TANDA,en,858,R,29
31313,AMBEDKAR NAGAR,3178008,313133,JALAL PUR,JALAL PUR,en,855,R,29
31313,AMBEDKAR NAGAR,3178010,313130,BHITI,BHITI,en,852,R,29
31313,AMBEDKAR NAGAR,3178005,313129,BASKHARI,BASKHARI,en,851,R,29
31313,AMBEDKAR NAGAR,3178006,313135,RAM NAGAR,RAM NAGAR,en,857,R,29
31313,AMBEDKAR NAGAR,3178007,313132,JAHANGIR GANJ,JAHANGIR GANJ,en,854,R,29
31313,AMBEDKAR NAGAR,3178009,313131,BHIYAW,BHIYAW,en,853,R,29
31316,AURAIYA,3169001,313161,ERWA KATRA,ERWA KATRA,en,864,R,29
31316,AURAIYA,3169004,313162,SAHAR,SAHAR,en,865,R,29
31316,AURAIYA,3169005,313157,AJITMAL,AJITMAL,en,860,R,29
31316,AURAIYA,3169006,313159,BHAGYANAGAR,BHAGYANAGAR,en,862,R,29
31316,AURAIYA,3169003,313156,ACHCHALDA,ACHCHALDA,en,859,R,29
31316,AURAIYA,3169002,313160,BIDHUNA,BIDHUNA,en,863,R,29
31316,AURAIYA,3169007,313158,AURAIYA,AURAIYA,en,861,R,29
31318,AZAMGARH,3157004,313182,MAHRAJGANJ,MAHRAJGANJ,en,874,R,29
31318,AZAMGARH,3157001,313175,ATRAULIA,ATRAULIA,en,867,R,29
31318,AZAMGARH,3157002,313180,KOILSA,KOILSA,en,872,R,29
31318,AZAMGARH,3157003,313174,AHIRAULA,AHIRAULA,en,866,R,29
31318,AZAMGARH,3157005,313178,HARAIYA,HARAIYA,en,870,R,29
31318,AZAMGARH,3157006,313177,BILARIYAGANJ,BILARIYAGANJ,en,869,R,29
31318,AZAMGARH,3157007,313176,AZMATGARH,AZMATGARH,en,868,R,29
31318,AZAMGARH,3157008,313193,TAHBARPUR,TAHBARPUR,en,885,R,29
31318,AZAMGARH,3157009,313185,MIRZAPUR,MIRZAPUR,en,877,R,29
31318,AZAMGARH,3157010,313186,MOHAMMADPUR,MOHAMMADPUR,en,878,R,29
31318,AZAMGARH,3157011,313191,RANI KI SARAI,RANI KI SARAI,en,883,R,29
31318,AZAMGARH,3157012,313188,PALHANI,PALHANI,en,880,R,29
31318,AZAMGARH,3157013,313192,SATHIYAON,SATHIYAON,en,884,R,29
31318,AZAMGARH,3157014,313179,JAHANAGANJ,JAHANAGANJ,en,871,R,29
31318,AZAMGARH,3157015,313189,PAWAI,PAWAI,en,881,R,29
31318,AZAMGARH,3157016,313190,PHULPUR,PHULPUR,en,882,R,29
31318,AZAMGARH,3157017,313183,MARTINGANJ,MARTINGANJ,en,875,R,29
31318,AZAMGARH,3157018,313195,THEKMA,THEKMA,en,887,R,29
31318,AZAMGARH,3157019,313181,LALGANJ,LALGANJ,en,873,R,29
31318,AZAMGARH,3157020,313184,MEHNAGAR,MEHNAGAR,en,876,R,29
31318,AZAMGARH,3157021,313194,TARWA,TARWA,en,886,R,29
31318,AZAMGARH,3157022,313187,PALHANA,PALHANA,en,879,R,29
31317,AYODHYA,3149009,313173,TARUN,TARUN,en,1095,R,29
31317,AYODHYA,3149020,313171,RUDAULI,RUDAULI,en,954,R,29
31317,AYODHYA,3149003,313170,PURA BAZAR,PURA BAZAR,en,1093,R,29
31317,AYODHYA,3149008,313164,BIKAPUR,BIKAPUR,en,1087,R,29
31317,AYODHYA,3149002,313166,MASODHA,MASODHA,en,1089,R,29
31317,AYODHYA,3149005,313163,AMANIGANJ,AMANIGANJ,en,1086,R,29
31317,AYODHYA,3149001,313172,SOHAWAL,SOHAWAL,en,1094,R,29
31317,AYODHYA,3149019,313167,MAWAI,MAWAI,en,1090,R,29
31317,AYODHYA,3149004,313168,MAYA BAZAR,MAYA BAZAR,en,1091,R,29
31317,AYODHYA,3149006,313169,MILKIPUR,MILKIPUR,en,1092,R,29
31317,AYODHYA,3149007,313165,HARINGTANGANJ,HARINGTANGANJ,en,1088,R,29
31361,MIRZAPUR,3162002,313649,KON,KON,en,1403,R,29
31361,MIRZAPUR,3162003,313651,MAJHAWA,MAJHAWA,en,1405,R,29
31361,MIRZAPUR,3162005,313653,PAHARI,PAHARI,en,1408,R,29
31361,MIRZAPUR,3162010,313656,SHIKHAR,SHIKHAR,en,1411,R,29
31361,MIRZAPUR,3162011,313652,NARAINPUR,NARAINPUR,en,1407,R,29
31361,MIRZAPUR,3162012,313648,JAMALPUR,JAMALPUR,en,1402,R,29
31361,MIRZAPUR,3162001,313645,CHHANVEY,CHHANVEY,en,1400,R,29
31361,MIRZAPUR,3162006,313650,LALGANJ,LALGANJ,en,1404,R,29
31361,MIRZAPUR,3162007,313647,HALLIA,HALLIA,en,1401,R,29
31361,MIRZAPUR,3162009,313655,RAJGARH,RAJGARH,en,1410,R,29
31361,MIRZAPUR,3162008,313654,PATEHRA KALA,PATEHRA KALA,en,1409,R,29
31361,MIRZAPUR,3162004,313646,CITY NAGAR,CITY NAGAR,en,1406,R,29
31312,ALIGARH,3118003,313125,KHAIR,KHAIR,en,827,R,29
31312,ALIGARH,3118001,313127,TAPPAL,TAPPAL,en,829,R,29
31312,ALIGARH,3118002,313119,CHANDAUS,CHANDAUS,en,821,R,29
31312,ALIGARH,3118004,313124,JAWAN SIKANDERPUR,JAWAN SIKANDERPUR,en,826,R,29
31312,ALIGARH,3118005,313126,LODHA,LODHA,en,828,R,29
31312,ALIGARH,3118006,313120,DHANIPUR,DHANIPUR,en,822,R,29
31312,ALIGARH,3118007,313122,GONDA,GONDA,en,824,R,29
31312,ALIGARH,3118013,313118,BIJAULI,BIJAULI,en,820,R,29
31312,ALIGARH,3118014,313121,GANGIRI,GANGIRI,en,823,R,29
31312,ALIGARH,3118015,313116,AKRABAD,AKRABAD,en,818,R,29
31312,ALIGARH,3118008,313123,IGLAS,IGLAS,en,825,R,29
31312,ALIGARH,3118012,313117,ATRAULI,ATRAULI,en,819,R,29
31315,AMROHA,3167001,313154,HASANPUR,HASANPUR,en,1256,R,29
31315,AMROHA,3167002,313150,AMROHA,AMROHA,en,1252,R,29
31315,AMROHA,3167006,313151,DHANAURA,DHANAURA,en,1253,R,29
31315,AMROHA,3167003,313152,GAJRAULA,GAJRAULA,en,1254,R,29
31315,AMROHA,3167004,313153,GANGESHWARI,GANGESHWARI,en,1255,R,29
31315,AMROHA,3167005,313155,JOYA,JOYA,en,1257,R,29
31319,BAGHPAT,3165020,313201,PILANA,PILANA,en,893,R,29
31319,BAGHPAT,3165011,313196,BAGHPAT,BAGHPAT,en,888,R,29
31319,BAGHPAT,3165016,313198,BINOLI,BINOLI,en,890,R,29
31319,BAGHPAT,3165013,313197,BAROUT,BAROUT,en,889,R,29
31319,BAGHPAT,3165015,313199,CHHPAROLI,CHHPAROLI,en,891,R,29
31319,BAGHPAT,3165019,313200,KHEKARA,KHEKARA,en,892,R,29
31320,BAHRAICH,3146001,313209,MIHINPURWA,MIHINPURWA,en,900,R,29
31320,BAHRAICH,3146002,313210,NAWABGANJ,NAWABGANJ,en,901,R,29
31320,BAHRAICH,3146003,313202,BALAHA,BALAHA,en,894,R,29
31320,BAHRAICH,3146015,313205,HUZOORPUR,HUZOORPUR,en,896,R,29
31320,BAHRAICH,3146017,313206,JARWAL,JARWAL,en,897,R,29
31320,BAHRAICH,3146004,313213,SHIVPUR,SHIVPUR,en,905,R,29
31320,BAHRAICH,3146005,313212,RISIA,RISIA,en,904,R,29
31320,BAHRAICH,3146007,313203,CHITAURA,CHITAURA,en,895,R,29
31320,BAHRAICH,3146010,313215,VISHESHWARGANJ,VISHESHWARGANJ,en,907,R,29
31320,BAHRAICH,3146012,313208,MAHASI,MAHASI,en,899,R,29
31320,BAHRAICH,3146016,313207,KAISARGANJ,KAISARGANJ,en,898,R,29
31320,BAHRAICH,3146009,313211,PRAYAGPUR,PRAYAGPUR,en,903,R,29
31320,BAHRAICH,3146014,313204,FAKHARPUR,FAKHARPUR,en,902,R,29
31320,BAHRAICH,3146013,313214,TEJWAPUR,TEJWAPUR,en,906,R,29
31321,BALLIA,3159018,313231,SIAR,SIAR,en,923,R,29
31321,BALLIA,3159019,313226,NAGRA,NAGRA,en,918,R,29
31321,BALLIA,3159020,313229,RASRA,RASRA,en,921,R,29
31321,BALLIA,3159021,313220,CHILKAHAR,CHILKAHAR,en,912,R,29
31321,BALLIA,3159022,313227,NAVANAGAR,NAVANAGAR,en,919,R,29
31321,BALLIA,3159023,313228,PANDAH,PANDAH,en,920,R,29
31321,BALLIA,3159024,313224,MANIAR,MANIAR,en,916,R,29
31321,BALLIA,3159025,313219,BERUARBARI,BERUARBARI,en,911,R,29
31321,BALLIA,3159026,313217,BANSDIH,BANSDIH,en,909,R,29
31321,BALLIA,3159027,313230,REOTI,REOTI,en,922,R,29
31321,BALLIA,3159028,313222,GARWAR,GARWAR,en,914,R,29
31321,BALLIA,3159029,313232,SOHANV,SOHANV,en,924,R,29
31321,BALLIA,3159030,313223,HANUMANGANJ,HANUMANGANJ,en,915,R,29
31321,BALLIA,3159031,313221,DUBHAR,DUBHAR,en,913,R,29
31321,BALLIA,3159032,313218,BELHARI,BELHARI,en,910,R,29
31321,BALLIA,3159033,313216,BAIRIA,BAIRIA,en,908,R,29
31321,BALLIA,3159034,313225,MURLICHHAPRA,MURLICHHAPRA,en,917,R,29
31012,BALRAMPUR,3175008,310134,GAINDAS BUJURG,GAINDAS BUJURG,en,926,R,29
31012,BALRAMPUR,3175009,310138,REHERA BAZAR,REHERA BAZAR,en,930,R,29
31012,BALRAMPUR,3175011,310136,HARYA SATGHARWA,HARYA SATGHARWA,en,928,R,29
31012,BALRAMPUR,3175003,310140,TULSIPUR,TULSIPUR,en,932,R,29
31012,BALRAMPUR,3175007,310141,UTRAULA,UTRAULA,en,933,R,29
31012,BALRAMPUR,3175010,310133,BALRAMPUR,BALRAMPUR,en,925,R,29
31012,BALRAMPUR,3175004,310135,GAISRI,GAISRI,en,927,R,29
31012,BALRAMPUR,3175005,310137,PACHPEDWA,PACHPEDWA,en,929,R,29
31012,BALRAMPUR,3175006,310139,SHRIDUTTGANJ,SHRIDUTTGANJ,en,931,R,29
31322,BANDA,3142004,313233,BABERU,BABERU,en,934,R,29
31322,BANDA,3142008,313239,NARAINI,NARAINI,en,940,R,29
31322,BANDA,3142001,313236,JASPURA,JASPURA,en,937,R,29
31322,BANDA,3142002,313240,TINDWARI,TINDWARI,en,941,R,29
31322,BANDA,3142003,313234,BADOKHAR KHURD,BADOKHAR KHURD,en,935,R,29
31322,BANDA,3142005,313237,KAMASIN,KAMASIN,en,938,R,29
31322,BANDA,3142006,313235,BISANDA,BISANDA,en,936,R,29
31322,BANDA,3142007,313238,MAHUVA,MAHUVA,en,939,R,29
31323,BARABANKI,3148001,313249,NINDURA,NINDURA,en,951,R,29
31323,BARABANKI,3148003,313254,SURATGANJ,SURATGANJ,en,957,R,29
31323,BARABANKI,3148005,313244,DEWA,DEWA,en,945,R,29
31323,BARABANKI,3148006,313242,BANKI,BANKI,en,943,R,29
31323,BARABANKI,3148007,313247,HARAKH,HARAKH,en,948,R,29
31323,BARABANKI,3148008,313248,MASAULI,MASAULI,en,949,R,29
31323,BARABANKI,3148010,313255,TRIVEDIGANJ,TRIVEDIGANJ,en,958,R,29
31323,BARABANKI,3148012,313243,DARIYABAD,DARIYABAD,en,944,R,29
31323,BARABANKI,3148013,313241,BANI KODAR,BANI KODAR,en,942,R,29
31323,BARABANKI,3148014,313250,PUREDALAI,PUREDALAI,en,952,R,29
31323,BARABANKI,3148009,313252,SIDDHAUR,SIDDHAUR,en,955,R,29
31323,BARABANKI,3148002,313245,FATEHPUR,FATEHPUR,en,946,R,29
31323,BARABANKI,3148004,313251,RAMNAGAR,RAMNAGAR,en,953,R,29
31323,BARABANKI,3148011,313246,HAIDARGARH,HAIDARGARH,en,947,R,29
31323,BARABANKI,3148017,313253,SIRAULI GAUSPUR,SIRAULI GAUSPUR,en,956,R,29
31324,BAREILLY,3125020,313259,BHOJIPURA,BHOJIPURA,en,962,R,29
31324,BAREILLY,3125024,313261,BITHIRI CHAINPUR,BITHIRI CHAINPUR,en,964,R,29
31324,BAREILLY,3125025,313265,MAJHGAWAN,MAJHGAWAN,en,969,R,29
31324,BAREILLY,3125028,313268,RAMNAGAR,RAMNAGAR,en,972,R,29
31324,BAREILLY,3125029,313270,SHERGARH,SHERGARH,en,973,R,29
31324,BAREILLY,3125031,313256,AALAMPUR JAFARABAD,AALAMPUR JAFARABAD,en,959,R,29
31324,BAREILLY,3125019,313257,BAHERI,BAHERI,en,960,R,29
31324,BAREILLY,3125022,313262,FARIDPUR,FARIDPUR,en,966,R,29
31324,BAREILLY,3125027,313267,NAWABGANJ,NAWABGANJ,en,971,R,29
31324,BAREILLY,3125030,313266,MIRGANJ,MIRGANJ,en,970,R,29
31324,BAREILLY,3125018,313260,BHUTA,BHUTA,en,963,R,29
31324,BAREILLY,3125017,313258,BHADPURA,BHADPURA,en,961,R,29
31324,BAREILLY,3125021,313264,KYARA,KYARA,en,968,R,29
31324,BAREILLY,3125023,313263,FATEHGANJ WEST,FATEHGANJ WEST,en,967,R,29
31324,BAREILLY,3125026,313269,RICHHA,RICHHA,en,965,R,29
31325,BASTI,3153001,313279,PARAS RAMPUR,PARAS RAMPUR,en,982,R,29
31325,BASTI,3153002,313275,GAUR,GAUR,en,978,R,29
31325,BASTI,3153003,313276,HARRAIYA,HARRAIYA,en,979,R,29
31325,BASTI,3153004,313284,VIKRAM JOT,VIKRAM JOT,en,987,R,29
31325,BASTI,3153005,313277,KAPTANGANJ,KAPTANGANJ,en,980,R,29
31325,BASTI,3153006,313280,RAMNAGAR,RAMNAGAR,en,983,R,29
31325,BASTI,3153007,313282,SALTAUA GOPAL PUR,SALTAUA GOPAL PUR,en,985,R,29
31325,BASTI,3153008,313281,RUDAULI,RUDAULI,en,984,R,29
31325,BASTI,3153009,313283,SAU GHAT,SAU GHAT,en,986,R,29
31325,BASTI,3153010,313273,BASTI,BASTI,en,976,R,29
31325,BASTI,3153011,313272,BANKATI,BANKATI,en,975,R,29
31325,BASTI,3153012,313271,BAHADURPUR,BAHADURPUR,en,974,R,29
31325,BASTI,3153013,313278,KUDARAHA,KUDARAHA,en,981,R,29
31325,BASTI,3153014,313274,DUBAULIA,DUBAULIA,en,977,R,29
31372,SANT RAVIDAS NAGAR,3173060,313773,ABHOLI,ABHOLI,en,1510,R,29
31372,SANT RAVIDAS NAGAR,3173001,313778,SURIYAVAN,SURIYAVAN,en,1515,R,29
31372,SANT RAVIDAS NAGAR,3173002,313775,BHADOHI,BHADOHI,en,1512,R,29
31372,SANT RAVIDAS NAGAR,3173003,313774,AURAI,AURAI,en,1511,R,29
31372,SANT RAVIDAS NAGAR,3173004,313777,GYANPUR,GYANPUR,en,1514,R,29
31372,SANT RAVIDAS NAGAR,3173005,313776,DEEGH,DEEGH,en,1513,R,29
31017,BIJNOR,3109004,310197,HALDAUR-KHARI JHALU,HALDAUR-KHARI JHALU,en,991,R,29
31017,BIJNOR,3109002,310199,KIRATPUR,KIRATPUR,en,993,R,29
31017,BIJNOR,3109003,310201,MOHAMMEDPUR DEOMAL,MOHAMMEDPUR DEOMAL,en,995,R,29
31017,BIJNOR,3109005,310200,KOTWALI,KOTWALI,en,994,R,29
31017,BIJNOR,3109006,310194,AFZALGARH,AFZALGARH,en,988,R,29
31017,BIJNOR,3109007,310203,NEHTAUR,NEHTAUR,en,997,R,29
31017,BIJNOR,3109009,310196,BUDHANPUR SEOHARA,BUDHANPUR SEOHARA,en,989,R,29
31017,BIJNOR,3109010,310198,JALILPUR,JALILPUR,en,992,R,29
31017,BIJNOR,3109001,310202,NAJIBABAD,NAJIBABAD,en,996,R,29
31017,BIJNOR,3109011,310204,NOORPUR,NOORPUR,en,998,R,29
31017,BIJNOR,3109012,310195,ALLAHPUR,ALLAHPUR,en,990,R,29
31018,BUDAUN,3124018,310218,USAWAN,USAWAN,en,1015,R,29
31018,BUDAUN,3124012,310211,JAGAT,JAGAT,en,1006,R,29
31018,BUDAUN,3124013,310217,UJHANI,UJHANI,en,1014,R,29
31018,BUDAUN,3124014,310213,QADAR CHOWK,QADAR CHOWK,en,1009,R,29
31018,BUDAUN,3124015,310216,SAMRER,SAMRER,en,1013,R,29
31018,BUDAUN,3124004,310206,ASAFPUR,ASAFPUR,en,1000,R,29
31018,BUDAUN,3124016,310209,DATAGANJ,DATAGANJ,en,1003,R,29
31018,BUDAUN,3124005,310210,ISLAMNAGAR,ISLAMNAGAR,en,1005,R,29
31018,BUDAUN,3124007,310219,WAZIRGANJ,WAZIRGANJ,en,1016,R,29
31018,BUDAUN,3124008,310208,DAHGAVAN,DAHGAVAN,en,1002,R,29
31018,BUDAUN,3124010,310205,AMBIAPUR,AMBIAPUR,en,999,R,29
31018,BUDAUN,3124011,310215,SALARPUR,SALARPUR,en,1012,R,29
31018,BUDAUN,3124009,310214,SAHASWAN,SAHASWAN,en,1011,R,29
31018,BUDAUN,3124017,310212,MION,MION,en,1008,R,29
31018,BUDAUN,3124006,310207,BISAULI,BISAULI,en,1001,R,29
31326,BULANDSHAHR,3117018,313296,PAHASU,PAHASU,en,1028,R,29
31326,BULANDSHAHR,3117021,313300,UNCHAGAON,UNCHAGAON,en,1032,R,29
31326,BULANDSHAHR,3117024,313290,DANPUR,DANPUR,en,1022,R,29
31326,BULANDSHAHR,3117025,313288,BHAWAN BAHADUR NAGAR,BHAWAN BAHADUR NAGAR,en,1020,R,29
31326,BULANDSHAHR,3117028,313287,ARANIYA,ARANIYA,en,1019,R,29
31326,BULANDSHAHR,3117029,313293,JAHANGIRABAD,JAHANGIRABAD,en,1025,R,29
31326,BULANDSHAHR,3117030,313292,GULAOTHI,GULAOTHI,en,1024,R,29
31326,BULANDSHAHR,3117032,313295,LAKHAOTHI,LAKHAOTHI,en,1027,R,29
31326,BULANDSHAHR,3117033,313285,AGAUTA,AGAUTA,en,1017,R,29
31326,BULANDSHAHR,3117019,313298,SIKANDRABAD,SIKANDRABAD,en,1030,R,29
31326,BULANDSHAHR,3117020,313297,SHIKARPUR,SHIKARPUR,en,1029,R,29
31326,BULANDSHAHR,3117022,313299,SYANA,SYANA,en,1031,R,29
31326,BULANDSHAHR,3117023,313286,ANUPSHAHR,ANUPSHAHR,en,1018,R,29
31326,BULANDSHAHR,3117026,313289,BULANDSHAHR,BULANDSHAHR,en,1021,R,29
31326,BULANDSHAHR,3117027,313291,DIBAI,DIBAI,en,1023,R,29
31326,BULANDSHAHR,3117031,313294,KHURJA,KHURJA,en,1026,R,29
31327,CHANDAULI,3171001,313302,CHAHNIYA,CHAHNIYA,en,1034,R,29
31327,CHANDAULI,3171002,313305,DHANAPUR,DHANAPUR,en,1037,R,29
31327,CHANDAULI,3171003,313309,SAKALDIHA,SAKALDIHA,en,1041,R,29
31327,CHANDAULI,3171004,313307,NIYAMATABAD,NIYAMATABAD,en,1039,R,29
31327,CHANDAULI,3171005,313304,CHANDAULI,CHANDAULI,en,1036,R,29
31327,CHANDAULI,3171007,313303,CHAKIYA,CHAKIYA,en,1035,R,29
31327,CHANDAULI,3171008,313308,SAHABGANJ,SAHABGANJ,en,1040,R,29
31327,CHANDAULI,3171006,313301,BARHANI,BARHANI,en,1033,R,29
31327,CHANDAULI,3171009,313306,NAUGARH,NAUGARH,en,1038,R,29
31328,CHITRAKOOT,3177001,313313,PAHARI,PAHARI,en,1045,R,29
31328,CHITRAKOOT,3177005,313310,KARWI,KARWI,en,1042,R,29
31328,CHITRAKOOT,3177006,313312,MAU,MAU,en,1044,R,29
31328,CHITRAKOOT,3177002,313311,MANIKPUR,MANIKPUR,en,1043,R,29
31328,CHITRAKOOT,3177003,313314,RAMNAGAR,RAMNAGAR,en,1046,R,29
31329,DEORIA,3155016,313315,BAITALPUR,BAITALPUR,en,1047,R,29
31329,DEORIA,3155019,313327,RAMPUR KARKHANA,RAMPUR KARKHANA,en,1059,R,29
31329,DEORIA,3155022,313319,BHALUANI,BHALUANI,en,1051,R,29
31329,DEORIA,3155024,313320,BHATNI,BHATNI,en,1052,R,29
31329,DEORIA,3155027,313329,SALEMPUR,SALEMPUR,en,1061,R,29
31329,DEORIA,3155015,313324,GAURI BAZAR,GAURI BAZAR,en,1056,R,29
31329,DEORIA,3155017,313323,DESAI DEORIA,DESAI DEORIA,en,1055,R,29
31329,DEORIA,3155018,313326,PATHAR DEWA,PATHAR DEWA,en,1058,R,29
31329,DEORIA,3155020,313322,DEORIA SADAR,DEORIA SADAR,en,1054,R,29
31329,DEORIA,3155030,313330,TARKULWA,TARKULWA,en,1062,R,29
31329,DEORIA,3155021,313328,RUDRAPUR,RUDRAPUR,en,1060,R,29
31329,DEORIA,3155023,313317,BARHAJ,BARHAJ,en,1049,R,29
31329,DEORIA,3155025,313321,BHATPAR RANI,BHATPAR RANI,en,1053,R,29
31329,DEORIA,3155026,313316,BANKATA,BANKATA,en,1048,R,29
31329,DEORIA,3155028,313318,BHAGALPUR,BHAGALPUR,en,1050,R,29
31329,DEORIA,3155029,313325,LAR,LAR,en,1057,R,29
31330,ETAH,3122008,313334,JALESAR,JALESAR,en,1068,R,29
31330,ETAH,3122009,313332,AWAGARH,AWAGARH,en,1065,R,29
31330,ETAH,3122010,313335,MAREHRA,MAREHRA,en,1070,R,29
31330,ETAH,3122011,313336,NIDHAULI KALAN,NIDHAULI KALAN,en,1071,R,29
31330,ETAH,3122012,313338,SHITALPUR,SHITALPUR,en,1075,R,29
31330,ETAH,3122013,313337,SAKIT,SAKIT,en,1074,R,29
31330,ETAH,3122014,313333,JAITHARA,JAITHARA,en,1067,R,29
31330,ETAH,3122015,313331,ALIGANJ,ALIGANJ,en,1063,R,29
31331,ETAWAH,3135020,313343,JASWANTNAGAR,JASWANTNAGAR,en,1082,R,29
31331,ETAWAH,3135023,313345,SEFAI,SEFAI,en,1084,R,29
31331,ETAWAH,3135016,313344,MAHEWA,MAHEWA,en,1083,R,29
31331,ETAWAH,3135017,313340,BASREHAR,BASREHAR,en,1079,R,29
31331,ETAWAH,3135018,313346,TAKHA,TAKHA,en,1085,R,29
31331,ETAWAH,3135021,313339,BARHPURA,BARHPURA,en,1078,R,29
31331,ETAWAH,3135022,313341,BHARTHANA,BHARTHANA,en,1080,R,29
31331,ETAWAH,3135027,313342,CHAKARNAGAR,CHAKARNAGAR,en,1081,R,29
31332,FARRUKHABAD,3134002,313351,NAWABGANJ,NAWABGANJ,en,1100,R,29
31332,FARRUKHABAD,3134003,313353,SHAMSABAD,SHAMSABAD,en,1102,R,29
31332,FARRUKHABAD,3134004,313352,RAJEPUR,RAJEPUR,en,1101,R,29
31332,FARRUKHABAD,3134007,313349,KAMALGANJ,KAMALGANJ,en,1098,R,29
31332,FARRUKHABAD,3134008,313347,BARHPUR,BARHPUR,en,1096,R,29
31332,FARRUKHABAD,3134001,313348,KAIMGANJ,KAIMGANJ,en,1097,R,29
31332,FARRUKHABAD,3134006,313350,MOHAMDABAD,MOHAMDABAD,en,1099,R,29
31333,FATEHPUR,3143014,313356,ASODHAR,ASODHAR,en,1105,R,29
31333,FATEHPUR,3143001,313359,DEVMAI,DEVMAI,en,1108,R,29
31333,FATEHPUR,3143002,313364,MALWAN,MALWAN,en,1113,R,29
31333,FATEHPUR,3143003,313355,AMAULI,AMAULI,en,1104,R,29
31333,FATEHPUR,3143004,313363,KHAJUHA,KHAJUHA,en,1112,R,29
31333,FATEHPUR,3143005,313365,TELYANI,TELYANI,en,1114,R,29
31333,FATEHPUR,3143006,313358,BHITAURA,BHITAURA,en,1107,R,29
31333,FATEHPUR,3143011,313354,AIRAYA,AIRAYA,en,1103,R,29
31333,FATEHPUR,3143007,313361,HASWA,HASWA,en,1110,R,29
31333,FATEHPUR,3143008,313357,BAHUA,BAHUA,en,1106,R,29
31333,FATEHPUR,3143010,313362,HATHGAON,HATHGAON,en,1111,R,29
31333,FATEHPUR,3143012,313366,VIJAYIPUR,VIJAYIPUR,en,1115,R,29
31333,FATEHPUR,3143013,313360,DHATA,DHATA,en,1109,R,29
31334,FIROZABAD,3121001,313373,NARKHI,NARKHI,en,1122,R,29
31334,FIROZABAD,3121004,313368,EKA,EKA,en,1117,R,29
31334,FIROZABAD,3121008,313367,ARAON,ARAON,en,1116,R,29
31334,FIROZABAD,3121009,313372,MADANPUR,MADANPUR,en,1121,R,29
31334,FIROZABAD,3121002,313369,FIROZABAD,FIROZABAD,en,1118,R,29
31334,FIROZABAD,3121003,313375,TUNDLA,TUNDLA,en,1124,R,29
31334,FIROZABAD,3121006,313370,JASRANA,JASRANA,en,1120,R,29
31334,FIROZABAD,3121007,313374,SHIKOHABAD,SHIKOHABAD,en,1123,R,29
31334,FIROZABAD,3121005,313371,KHERGARH,KHERGARH,en,1119,R,29
31335,GAUTAM BUDDHA NAGAR,3164005,313376,BISRAKH,BISRAKH,en,1125,R,29
31335,GAUTAM BUDDHA NAGAR,3164001,313378,DANKAUR,DANKAUR,en,1127,U,29
31335,GAUTAM BUDDHA NAGAR,3164004,313379,JEWAR,JEWAR,en,1128,R,29
31335,GAUTAM BUDDHA NAGAR,3164003,313377,DADRI,DADRI,en,1126,R,29
31336,GHAZIABAD,3116001,313380,BHOJPUR,BHOJPUR,en,1129,R,29
31336,GHAZIABAD,3116002,313382,MURADNAGAR,MURADNAGAR,en,1134,R,29
31336,GHAZIABAD,3116003,313383,RAJAPUR,RAJAPUR,en,1135,R,29
31336,GHAZIABAD,3116004,313381,LONI,LONI,en,1133,R,29
31337,GHAZIPUR,3160014,313399,ZAMANIA,ZAMANIA,en,1152,R,29
31337,GHAZIPUR,3160003,313395,SADAT,SADAT,en,1148,R,29
31337,GHAZIPUR,3160002,313391,MANIHARI,MANIHARI,en,1144,R,29
31337,GHAZIPUR,3160001,313388,JAKHANIA,JAKHANIA,en,1141,R,29
31337,GHAZIPUR,3160005,313386,DEVKALI,DEVKALI,en,1139,R,29
31337,GHAZIPUR,3160006,313398,VIRNO,VIRNO,en,1151,R,29
31337,GHAZIPUR,3160007,313392,MARDAH,MARDAH,en,1145,R,29
31337,GHAZIPUR,3160008,313387,GHAZIPUR,GHAZIPUR,en,1140,R,29
31337,GHAZIPUR,3160009,313389,KARANDA,KARANDA,en,1142,R,29
31337,GHAZIPUR,3160010,313390,KASIMABAD,KASIMABAD,en,1143,R,29
31337,GHAZIPUR,3160013,313385,BHANWARKOL,BHANWARKOL,en,1138,R,29
31337,GHAZIPUR,3160012,313393,MOHAMMADABAD,MOHAMMADABAD,en,1146,R,29
31337,GHAZIPUR,3160015,313394,REVATIPUR,REVATIPUR,en,1147,R,29
31337,GHAZIPUR,3160016,313384,BHADAURA,BHADAURA,en,1137,R,29
31337,GHAZIPUR,3160004,313396,SAIDPUR,SAIDPUR,en,1149,R,29
31337,GHAZIPUR,3160011,313397,VARACHAWAR,VARACHAWAR,en,1150,R,29
31338,GONDA,3147010,313413,RUPAIDEEH,RUPAIDEEH,en,1166,R,29
31338,GONDA,3147023,313408,MANKAPUR,MANKAPUR,en,1161,R,29
31338,GONDA,3147011,313405,ITIATHOK,ITIATHOK,en,1158,R,29
31338,GONDA,3147012,313411,PANDRI KRIPAL,PANDRI KRIPAL,en,1164,R,29
31338,GONDA,3147013,313406,JHANJHARI,JHANJHARI,en,1159,R,29
31338,GONDA,3147014,313409,MUJEHANA,MUJEHANA,en,1162,R,29
31338,GONDA,3147015,313407,KATRA BAZAR,KATRA BAZAR,en,1160,R,29
31338,GONDA,3147016,313404,HALDHARMAU,HALDHARMAU,en,1157,R,29
31338,GONDA,3147017,313403,COLONELGANJ,COLONELGANJ,en,1156,R,29
31338,GONDA,3147018,313412,PARASPUR,PARASPUR,en,1165,R,29
31338,GONDA,3147022,313410,NAWABGANJ,NAWABGANJ,en,1163,R,29
31338,GONDA,3147024,313400,BABHANJOT,BABHANJOT,en,1153,R,29
31338,GONDA,3147025,313402,CHHAPIA,CHHAPIA,en,1155,R,29
31338,GONDA,3147019,313401,BELSAR,BELSAR,en,1154,R,29
31338,GONDA,3147020,313414,TARABGANJ,TARABGANJ,en,1167,R,29
31338,GONDA,3147021,313415,WAZIRGANJ,WAZIRGANJ,en,1168,R,29
31339,GORAKHPUR,3154004,313426,JANGAL KODIA,JANGAL KODIA,en,1178,R,29
31339,GORAKHPUR,3154015,313428,KHAJANI,KHAJANI,en,1180,R,29
31339,GORAKHPUR,3154001,313430,PALI,PALI,en,1182,R,29
31339,GORAKHPUR,3154002,313433,SAHJANAWA,SAHJANAWA,en,1185,R,29
31339,GORAKHPUR,3154003,313432,PIPRAULI,PIPRAULI,en,1184,R,29
31339,GORAKHPUR,3154006,313420,BHATHAT,BHATHAT,en,1172,R,29
31339,GORAKHPUR,3154007,313431,PIPRAICH,PIPRAICH,en,1183,R,29
31339,GORAKHPUR,3154008,313434,SARDARNAGAR,SARDARNAGAR,en,1186,R,29
31339,GORAKHPUR,3154009,313429,KHORABAR,KHORABAR,en,1181,R,29
31339,GORAKHPUR,3154010,313421,BRAHMPUR,BRAHMPUR,en,1173,R,29
31339,GORAKHPUR,3154011,313427,KAURI RAM,KAURI RAM,en,1179,R,29
31339,GORAKHPUR,3154012,313416,BANSGAON,BANSGAON,en,1169,R,29
31339,GORAKHPUR,3154013,313435,URUWA,URUWA,en,1187,R,29
31339,GORAKHPUR,3154016,313418,BELGHAT,BELGHAT,en,1171,R,29
31339,GORAKHPUR,3154017,313425,GOLA,GOLA,en,1177,R,29
31339,GORAKHPUR,3154018,313417,BARHALGANJ,BARHALGANJ,en,1170,R,29
31339,GORAKHPUR,3154092,313422,CAMPIERGANJ,CAMPIERGANJ,en,1174,R,29
31339,GORAKHPUR,3154095,313419,BHAROHIYA,BHAROHIYA,en,7480,R,29
31339,GORAKHPUR,3154005,313423,CHARGANWA,CHARGANWA,en,1175,R,29
31339,GORAKHPUR,3154014,313424,GAGAHA,GAGAHA,en,1176,R,29
31340,HAMIRPUR,3141021,313438,MAUDAHA,MAUDAHA,en,1190,R,29
31340,HAMIRPUR,3141023,313440,RATH,RATH,en,1192,R,29
31340,HAMIRPUR,3141025,313441,SARILA,SARILA,en,1193,R,29
31340,HAMIRPUR,3141020,313442,SUMERPUR,SUMERPUR,en,1194,R,29
31340,HAMIRPUR,3141022,313439,MUSKARA,MUSKARA,en,1191,R,29
31340,HAMIRPUR,3141024,313436,GOHAND,GOHAND,en,1188,R,29
31340,HAMIRPUR,3141019,313437,KURARA,KURARA,en,1189,R,29
31342,HARDOI,3130038,313457,MADHOGANJ,MADHOGANJ,en,1205,R,29
31342,HARDOI,3130022,313447,AHRORI,AHRORI,en,1195,R,29
31342,HARDOI,3130032,313456,KOTHWAN,KOTHWAN,en,1204,R,29
31342,HARDOI,3130033,313455,KACHHAUNA,KACHHAUNA,en,1203,R,29
31342,HARDOI,3130020,313450,BHARAWAN,BHARAWAN,en,1198,R,29
31342,HARDOI,3130021,313448,BAWAN,BAWAN,en,1196,R,29
31342,HARDOI,3130023,313451,BHARKHANI,BHARKHANI,en,1199,R,29
31342,HARDOI,3130026,313460,SANDI,SANDI,en,1208,R,29
31342,HARDOI,3130027,313463,SURSA,SURSA,en,1211,R,29
31342,HARDOI,3130034,313454,HARPALPUR,HARPALPUR,en,1202,R,29
31342,HARDOI,3130035,313458,MALLAWAN,MALLAWAN,en,1206,R,29
31342,HARDOI,3130036,313459,PIHANI,PIHANI,en,1207,R,29
31342,HARDOI,3130037,313453,HARIYAWAN,HARIYAWAN,en,1201,R,29
31342,HARDOI,3130024,313449,BEHADAR,BEHADAR,en,1197,R,29
31342,HARDOI,3130031,313464,TADIYAWAN,TADIYAWAN,en,1212,R,29
31342,HARDOI,3130030,313465,TONDARPUR,TONDARPUR,en,1213,R,29
31342,HARDOI,3130025,313452,BILGRAM,BILGRAM,en,1200,R,29
31342,HARDOI,3130028,313461,SANDILA,SANDILA,en,1209,R,29
31342,HARDOI,3130029,313462,SHAHABAD,SHAHABAD,en,1210,R,29
31343,HATHRAS,3166003,313468,MURSAN,MURSAN,en,1339,R,29
31343,HATHRAS,3166005,313471,SEHPAU,SEHPAU,en,1342,R,29
31343,HATHRAS,3166007,313466,HASAYAN,HASAYAN,en,1337,R,29
31343,HATHRAS,3166001,313470,SASNI,SASNI,en,1341,R,29
31343,HATHRAS,3166002,313467,HATHRAS,HATHRAS,en,1338,R,29
31343,HATHRAS,3166004,313469,SADABAD,SADABAD,en,1340,R,29
31343,HATHRAS,3166006,313472,SIKANDRARAO,SIKANDRARAO,en,1343,R,29
31344,JALAUN,3138006,313476,KONCH,KONCH,en,1217,R,29
31344,JALAUN,3138001,313481,RAMPURA,RAMPURA,en,1222,R,29
31344,JALAUN,3138003,313478,MADHOGARH,MADHOGARH,en,1219,R,29
31344,JALAUN,3138002,313477,KUTHAUND,KUTHAUND,en,1218,R,29
31344,JALAUN,3138004,313474,JALAUN,JALAUN,en,1215,R,29
31344,JALAUN,3138005,313480,NADIGAON,NADIGAON,en,1221,R,29
31344,JALAUN,3138007,313473,DAKORE,DAKORE,en,1214,R,29
31344,JALAUN,3138008,313479,MAHEVA,MAHEVA,en,1220,R,29
31344,JALAUN,3138009,313475,KADAURA,KADAURA,en,1216,R,29
31345,JAUNPUR,3158030,313484,BARASATHI,BARASATHI,en,1225,R,29
31345,JAUNPUR,3158031,313485,DHARMA PUR,DHARMA PUR,en,1226,R,29
31345,JAUNPUR,3158032,313496,RAM NAGAR,RAM NAGAR,en,1237,R,29
31345,JAUNPUR,3158033,313497,RAM PUR,RAM PUR,en,1238,R,29
31345,JAUNPUR,3158034,313494,MUFTI GANJ,MUFTI GANJ,en,1235,R,29
31345,JAUNPUR,3158035,313487,JALAL PUR,JALAL PUR,en,1228,R,29
31345,JAUNPUR,3158036,313500,SIRKONI,SIRKONI,en,1241,R,29
31345,JAUNPUR,3158037,313489,KERAKAT,KERAKAT,en,1230,R,29
31345,JAUNPUR,3158038,313483,BAKSHA,BAKSHA,en,1224,R,29
31345,JAUNPUR,3158039,313486,DOBHI,DOBHI,en,1227,R,29
31345,JAUNPUR,3158040,313490,KHUTHAN,KHUTHAN,en,1231,R,29
31345,JAUNPUR,3158041,313499,SIKRARA,SIKRARA,en,1240,R,29
31345,JAUNPUR,3158021,313501,SUITHA KALA,SUITHA KALA,en,1242,R,29
31345,JAUNPUR,3158022,313498,SHAH GANJ,SHAH GANJ,en,1239,R,29
31345,JAUNPUR,3158023,313488,KARANJA KALA,KARANJA KALA,en,1229,R,29
31345,JAUNPUR,3158024,313482,BADLA PUR,BADLA PUR,en,1223,R,29
31345,JAUNPUR,3158025,313492,MAHARAJ GANJ,MAHARAJ GANJ,en,1233,R,29
31345,JAUNPUR,3158026,313502,SUJAN GANJ,SUJAN GANJ,en,1243,R,29
31345,JAUNPUR,3158027,313495,MUNGRA BADSHAH PUR,MUNGRA BADSHAH PUR,en,1236,R,29
31345,JAUNPUR,3158028,313491,MACHCHALI SHAHAR,MACHCHALI SHAHAR,en,1232,R,29
31345,JAUNPUR,3158029,313493,MARIYAHU,MARIYAHU,en,1234,R,29
31380,UNNAO,3131001,313867,GANJ MORADABAD,GANJ MORADABAD,en,1606,R,29
31380,UNNAO,3131002,313863,BANGARMAU,BANGARMAU,en,1602,R,29
31380,UNNAO,3131003,313866,FATEHPUR CHAURASI,FATEHPUR CHAURASI,en,1605,R,29
31380,UNNAO,3131005,313862,AURAS,AURAS,en,1601,R,29
31380,UNNAO,3131008,313871,NAWABGANJ,NAWABGANJ,en,1610,R,29
31380,UNNAO,3131010,313864,BICHHIYA,BICHHIYA,en,1603,R,29
31380,UNNAO,3131011,313874,SIKANDARPUR KARAN,SIKANDARPUR KARAN,en,1613,R,29
31380,UNNAO,3131012,313861,ASOHA,ASOHA,en,1600,R,29
31380,UNNAO,3131013,313869,HILAULI,HILAULI,en,1608,R,29
31380,UNNAO,3131016,313876,SUMERPUR,SUMERPUR,en,1615,R,29
31380,UNNAO,3131004,313873,SAFIPUR,SAFIPUR,en,1612,R,29
31380,UNNAO,3131007,313868,HASANGANJ,HASANGANJ,en,1607,R,29
31380,UNNAO,3131014,313872,PURWA,PURWA,en,1611,R,29
31380,UNNAO,3131015,313865,BIGHAPUR,BIGHAPUR,en,1604,R,29
31380,UNNAO,3131006,313870,MIYAGANJ,MIYAGANJ,en,1609,R,29
31380,UNNAO,3131009,313875,SIKANDARPUR SAROSI,SIKANDARPUR SAROSI,en,1614,R,29
31368,RAMPUR,3111003,313742,SAIDNAGAR,SAIDNAGAR,en,1487,R,29
31368,RAMPUR,3111001,313744,SUAR,SUAR,en,1489,R,29
31368,RAMPUR,3111005,313743,SHAHABAD,SHAHABAD,en,1488,R,29
31368,RAMPUR,3111006,313741,MILAK,MILAK,en,1486,R,29
31368,RAMPUR,3111007,313739,BILASPUR,BILASPUR,en,1484,R,29
31368,RAMPUR,3111004,313740,CHAMRAWA,CHAMRAWA,en,1485,R,29
31369,SAHARANPUR,3112007,313747,GANGOH,GANGOH,en,1492,R,29
31369,SAHARANPUR,3112001,313754,SADAULI QADEEM,SADAULI QADEEM,en,1499,R,29
31369,SAHARANPUR,3112002,313748,MUZAFFARABAD,MUZAFFARABAD,en,1493,R,29
31369,SAHARANPUR,3112003,313752,PUWARKA,PUWARKA,en,1497,R,29
31369,SAHARANPUR,3112004,313745,BALLIA KHERI,BALLIA KHERI,en,1490,R,29
31369,SAHARANPUR,3112009,313749,NAGAL,NAGAL,en,1494,R,29
31369,SAHARANPUR,3112006,313750,NAKUR,NAKUR,en,1495,R,29
31369,SAHARANPUR,3112010,313751,NANAUTA,NANAUTA,en,1496,R,29
31369,SAHARANPUR,3112008,313753,RAMPUR MANIHARAN,RAMPUR MANIHARAN,en,1498,R,29
31369,SAHARANPUR,3112011,313746,DEOBAND,DEOBAND,en,1491,R,29
31369,SAHARANPUR,3112005,313755,SARSAWAN,SARSAWAN,en,1500,R,29
31371,SANT KABEER NAGAR,3174002,313767,KHALILABAD,KHALILABAD,en,1504,R,29
31371,SANT KABEER NAGAR,3174003,313768,MEHDAWAL,MEHDAWAL,en,1505,R,29
31371,SANT KABEER NAGAR,3174001,313766,HAISAR BAZAR,HAISAR BAZAR,en,1503,R,29
31371,SANT KABEER NAGAR,3174004,313769,NATH NAGAR,NATH NAGAR,en,1506,R,29
31371,SANT KABEER NAGAR,3174005,313772,SEMARIYAWAN,SEMARIYAWAN,en,1509,R,29
31371,SANT KABEER NAGAR,3174006,313764,BAGHAULI,BAGHAULI,en,1501,R,29
31371,SANT KABEER NAGAR,3174007,313771,SANTHA,SANTHA,en,1508,R,29
31371,SANT KABEER NAGAR,3174008,313770,PAULI,PAULI,en,1507,R,29
31371,SANT KABEER NAGAR,3174009,313765,BELHAR KALA,BELHAR KALA,en,1502,R,29
31341,HAPUR,3182001,313445,HAPUR,HAPUR,en,1132,R,29
31341,HAPUR,3182002,313443,DHAULANA,DHAULANA,en,1130,R,29
31341,HAPUR,3182003,313446,SIMBHAWALI,SIMBHAWALI,en,1136,R,29
31341,HAPUR,3182004,313444,GARH MUKTESHWAR,GARH MUKTESHWAR,en,1131,R,29
31370,SAMBHAL,3183001,313758,BANIYAKHERA,BANIYAKHERA,en,1414,R,29
31370,SAMBHAL,3183002,313763,SAMBHAL,SAMBHAL,en,1423,R,29
31370,SAMBHAL,3183004,313761,PANWASA,PANWASA,en,1422,R,29
31370,SAMBHAL,3183003,313756,ASMOLI,ASMOLI,en,1412,R,29
31370,SAMBHAL,3183005,313757,BAHJOI,BAHJOI,en,1413,R,29
31370,SAMBHAL,3183006,313759,GUNNAUR,GUNNAUR,en,1004,R,29
31370,SAMBHAL,3183007,313762,RAJPURA,RAJPURA,en,1010,R,29
31370,SAMBHAL,3183008,313760,JUNAWAI,JUNAWAI,en,1007,R,29
31374,SHAMLI,3184005,313796,OON,OON,en,1438,R,29
31374,SHAMLI,3184001,313794,KAIRANA,KAIRANA,en,1429,R,29
31374,SHAMLI,3184002,313797,SHAMLI,SHAMLI,en,1436,R,29
31374,SHAMLI,3184003,313795,KANDHALA,KANDHALA,en,1430,R,29
31374,SHAMLI,3184004,313798,THANABHAWAN,THANABHAWAN,en,1437,R,29
31314,AMETHI,3181001,313147,SHUKUL BAZAR,SHUKUL BAZAR,en,1599,R,29
31314,AMETHI,3181007,313141,GAURIGANJ,GAURIGANJ,en,1586,R,29
31314,AMETHI,3181013,313138,BAHADURPUR,BAHADURPUR,en,1465,R,29
31314,AMETHI,3181003,313144,MUSAFIR KHANA,MUSAFIR KHANA,en,1595,R,29
31314,AMETHI,3181009,313140,BHETUA,BHETUA,en,1582,R,29
31314,AMETHI,3181010,313139,BHADAR,BHADAR,en,1581,R,29
31314,AMETHI,3181011,313145,SANGRAMPUR,SANGRAMPUR,en,1597,R,29
31314,AMETHI,3181002,313142,JAGDISHPUR,JAGDISHPUR,en,1587,R,29
31314,AMETHI,3181005,313143,JAMO,JAMO,en,1589,R,29
31314,AMETHI,3181006,313146,SHAHGARH,SHAHGARH,en,1598,R,29
31314,AMETHI,3181008,313137,AMETHI,AMETHI,en,1578,R,29
31314,AMETHI,3181004,313148,SINGHPUR,SINGHPUR,en,1481,R,29
31314,AMETHI,3181012,313149,TILOI 1,TILOI 1,en,1482,R,29
